ID,Name,Age,Salary,Department,Join_Date,Location
1,Donald Turner,56,43281.0,Engineering,2020-10-03,Chicago
2,Richard Hill,69,38705.0,Engineering,2014-09-04,New York
3,Tammy Dorsey,46,85180.0,Engineering,2023-02-18,San Francisco
4,Frank Ramirez,32,93374.0,Engineering,2014-11-03,Los Angeles
5,Michael Johnson,60,,Marketing,2017-08-16,San Francisco
6,Jason Tate,25,97526.0,Marketing,02-08-2002,Chicago
7,Diane Howard,38,96262.0,HR,2020-05-04,Los Angeles
8,Taylor Bryant,56,106589.0,Finance,2017-07-26,New York
9,Juan Walker,36,99768.0,Engineering,2020-11-27,Los Angeles
10,Austin Beck,40,112050.0,HR,2018-01-01,New York
11,Jasmine Alvarez,28,,HR,2016-11-27,New York
12,Melissa Butler,28,82326.0,HR,2019-11-08,San Francisco
13,Samantha Benson,41,117263.0,Marketing,2016-05-10,San Francisco
14,Michael Peck,999,84615.0,Engineering,2021-08-02,San Francisco
15,Justin Strickland,57,119186.0,Engineering,2023-10-20,Chicago
16,Alexis Robbins,41,100342.0,Finance,2020-07-12,Chicago
17,Antonio Walker,20,31342.0,Engineering,2019-08-11,San Francisco
18,Bonnie Conley,39,59257.0,Engineering,2014-12-08,Chicago
19,Nathaniel Jackson,19,104666.0,HR,2016-08-03,Los Angeles
20,Heather Bailey,41,63933.0,Finance,2019-11-11,Los Angeles
21,Robert Mitchell,61,32717.0,Engineering,2019-07-19,Chicago
22,Angela Horton,47,41653.0,Marketing,2020-11-20,Chicago
23,Jacqueline Turner,55,74813.0,Engineering,07-08-2017,Los Angeles
24,Abigail May,19,93230.0,Mgmt,2021-12-06,New York
25,Johnny Hernandez,38,64674.0,Marketing,2023-02-18,Los Angeles
26,Alexis Hawkins,50,115514.0,HR,2017-03-07,Los Angeles
27,Michelle Cook,29,32482.0,Engineering,2019-05-10,Chicago
28,Allen Patel,39,35776.0,Marketing,2021-10-22,Los Angeles
29,James Mcbride,61,43629.0,Finance,2015-07-02,Chicago
30,Natasha Barrett,42,,Finance,2015-05-07,Chicago
31,Aaron Rodgers,66,85168.0,Marketing,2019-07-15,San Francisco
32,Kelly Levy,44,74623.0,Marketing,03-06-2012,Los Angeles
33,Chase Anderson,59,114976.0,HR,2020-10-25,New York
34,Jessica Gutierrez,45,31279.0,Marketing,2014-11-08,San Francisco
35,Edward Gomez,33,110435.0,HR,2020-06-07,Chicago
36,Hailey Miller,32,33596.0,Engineering,2019-01-20,Chicago
37,Margaret Martinez,64,101431.0,HR,2020-08-02,New York
38,Peter Garcia,68,74327.0,Marketing,2024-01-31,Chicago
39,Neil Burns,61,69443.0,Marketing,2015-08-20,Los Angeles
40,Dylan Gordon,69,31828.0,Mgmt,2019-09-14,San Francisco
41,Stacie Larsen,20,53930.0,Marketing,2017-02-11,Chicago
42,George Clark,54,102545.0,Marketing,2022-07-12,Chicago
43,Mr. Kirk Martin DDS,68,66444.0,Finance,2016-02-11,New York
44,Matthew Hall,24,101520.0,Finance,2019-12-08,Los Angeles
45,Sheila Lozano,38,73408.0,Engineering,2023-07-06,Chicago
46,Mark Johnson,26,41536.0,HR,2016-02-06,New York
47,Eric Russell,56,102274.0,Finance,2014-11-05,Chicago
48,Kelly Brown,35,43234.0,HR,2020-05-28,New York
49,Mariah White,21,117487.0,Marketing,2022-08-26,New York
50,Sheryl Hernandez,42,85176.0,Finance,07-01-2000,Los Angeles
51,James Holmes,31,38666.0,Engineering,2018-12-16,Chicago
52,Rebecca Mayo,67,102355.0,Engineering,2018-07-06,Los Angeles
53,Stacy Jordan,26,111182.0,Engineering,2017-07-03,New York
54,Jessica Snyder,43,104478.0,Finance,2022-01-19,San Francisco
55,Caleb Wiggins,19,31560.0,HR,2018-08-02,Chicago
56,Frances Johnson,37,76542.0,Marketing,2015-10-01,San Francisco
57,Ashley Herrera,45,116444.0,HR,2022-09-24,Chicago
58,Anna Mccormick,64,39078.0,HR,2021-07-21,Los Angeles
59,Kathryn Smith,24,102847.0,Marketing,2015-04-01,Los Angeles
60,Dorothy Ford,61,,Marketing,2019-07-26,Los Angeles
61,Derek Medina,-10,65954.0,Finance,2022-02-12,Los Angeles
62,Shelly Ward,64,36229.0,Mgmt,2016-10-03,Los Angeles
63,Mr. Robert Jacobs Jr.,52,97675.0,Finance,2021-09-22,San Francisco
64,Jessica Paul,31,94754.0,Finance,2022-10-26,Los Angeles
65,Dr. Makayla Hahn DDS,34,75765.0,Finance,11-01-2010,New York
66,Rhonda Glover,53,54574.0,Marketing,2015-06-15,New York
67,Patrick Mitchell,67,32920.0,HR,2015-01-06,San Francisco
68,Charles Rodriguez,57,70600.0,Finance,2019-03-08,Chicago
69,Andrew Burns,21,107475.0,Finance,2023-06-26,New York
70,Dawn Allison,19,60707.0,HR,2022-01-02,Chicago
71,Eric Bernard,23,38712.0,Finance,2024-05-21,San Francisco
72,Jill Bennett,59,,HR,2019-12-29,Chicago
73,Sheryl Meyer,21,79688.0,HR,25-08-2004,Chicago
74,Michele Nguyen,46,46984.0,Marketing,2022-01-22,Chicago
75,Kathleen Jenkins,35,49097.0,Engineering,2018-10-18,Chicago
76,Jennifer Cook,43,54860.0,Marketing,2019-12-13,San Francisco
77,Tracy Howard,61,63742.0,Engineering,2015-03-18,New York
78,Misty James,51,109561.0,Engineering,2020-03-31,Los Angeles
79,Lindsay Clark,27,45896.0,Engineering,2022-10-01,Chicago
80,Ryan Campbell,53,56737.0,Finance,2019-12-22,New York
81,Julia Graves,31,99346.0,Marketing,2022-12-10,New York
82,Marcus Riley,48,79930.0,Engineering,2021-03-12,San Francisco
83,Tammy James,65,30956.0,HR,06-10-2014,New York
84,Alexandra Bates,32,82853.0,Finance,2015-09-19,San Francisco
85,Thomas Cook,25,117388.0,Marketing,2017-12-25,Chicago
86,Ashley Jones,31,113524.0,Engineering,2019-09-14,Chicago
87,Kelly Skinner,40,55683.0,HR,2019-05-02,Los Angeles
88,Julie Navarro,999,33972.0,Marketing,2018-01-09,Los Angeles
89,Ashley Thomas,38,56958.0,Marketing,2023-08-25,Los Angeles
90,Rodney Young,33,44153.0,Finance,2019-06-07,New York
91,Jessica Mcmillan,62,,Marketing,2022-02-12,Chicago
92,Alex Navarro,35,48449.0,Finance,2023-04-16,San Francisco
93,Jill Francis,64,79481.0,Engineering,2017-06-28,Los Angeles
94,Angela Patterson MD,999,107129.0,Finance,2016-12-19,San Francisco
95,Kimberly Harris,43,108187.0,HR,2023-02-10,San Francisco
96,Matthew Smith,42,106961.0,Finance,2017-09-16,Los Angeles
97,Joshua Holder,62,34018.0,HR,2018-01-31,Chicago
98,Paul Ryan,58,71874.0,Finance,2019-07-30,Los Angeles
99,Carolyn Clark,46,78874.0,Marketing,2015-12-02,San Francisco
100,Lori Wallace,32,93483.0,Engineering,2017-01-30,Los Angeles
101,David Davis,62,110097.0,HR,2019-02-07,San Francisco
102,Darlene Love,18,87545.0,Finance,2014-12-07,San Francisco
103,Lisa Chambers,42,50022.0,Finance,2023-06-01,Los Angeles
104,William Rojas,24,111905.0,Finance,07-08-2013,New York
105,Samantha Dickson,150,81195.0,Marketing,2017-01-02,Los Angeles
106,Matthew Leon,41,93230.0,Marketing,2015-03-21,New York
107,Gregory Lamb,18,102750.0,HR,2015-03-07,San Francisco
108,Jake White,61,67412.0,HR,2020-02-25,San Francisco
109,Cody Vega,25,88053.0,Marketing,2022-07-26,New York
110,Brent Jackson,41,32482.0,HR,2021-10-13,San Francisco
111,Jennifer Johnson,28,36371.0,Engineering,2017-07-11,New York
112,Cynthia Schaefer,68,49816.0,Engineering,2016-07-02,New York
113,Alyssa Velasquez,34,98878.0,Marketing,2019-05-03,San Francisco
114,Cassandra Lawson,25,,Mgmt,2022-04-04,Chicago
115,Elizabeth Juarez,52,73925.0,Finance,28-01-2023,New York
116,Jason Jenkins,52,64529.0,Engineering,2018-04-26,Los Angeles
117,Megan Bass,50,50609.0,Marketing,2022-06-03,Los Angeles
118,Ashley Moore,22,64020.0,HR,2023-07-11,San Francisco
119,Eileen Bennett,59,31435.0,Marketing,2019-02-19,Chicago
120,Amber Weiss,56,46389.0,Finance,2020-12-30,San Francisco
121,Anthony Baker,58,35776.0,Engineering,2017-01-20,Chicago
122,Wayne Collins,45,113122.0,Marketing,2019-12-27,New York
123,Joseph Bautista,24,33020.0,Marketing,2017-01-10,New York
124,Bradley Goodman,26,,Marketing,22-10-2010,New York
125,Stephanie Lamb,25,77915.0,Finance,2016-06-07,New York
126,Keith Cook,29,118929.0,Marketing,2021-08-26,Los Angeles
127,Lisa Barker,51,49097.0,Finance,2016-10-08,Los Angeles
128,Benjamin Brown,200,115956.0,Finance,2023-10-30,San Francisco
129,Craig Schmitt,65,49256.0,Finance,2016-06-13,Chicago
130,Matthew Davis,40,86942.0,Engineering,2018-08-10,New York
131,Tiffany Stanley,41,87545.0,Engineering,25-06-2014,New York
132,Steven Klein,54,63756.0,Marketing,2024-04-22,Chicago
133,Michael Williams,52,,Marketing,2015-10-27,Chicago
134,Kevin Pierce,61,52015.0,Engineering,2023-08-28,San Francisco
135,Cynthia Young,57,57306.0,HR,2016-08-10,Chicago
136,Sue Lopez,39,63536.0,Engineering,20-02-2024,New York
137,Ashley Griffith,44,98878.0,Finance,2016-05-28,New York
138,Stacy Gonzales,52,,Engineering,2023-10-19,New York
139,Alicia Cole,18,,Finance,2021-01-19,New York
140,Anthony Gross,52,90279.0,Marketing,2017-01-13,New York
141,Joel Brooks,54,73872.0,HR,2019-01-23,San Francisco
142,Roy White,64,,Marketing,2015-03-15,New York
143,Michele Carson,31,34263.0,Finance,2018-10-27,San Francisco
144,James Lopez,20,112870.0,Finance,2023-06-22,New York
145,Shannon Medina,18,,Finance,2019-10-29,Los Angeles
146,Barbara Rocha,22,76828.0,HR,2016-03-23,Los Angeles
147,Julia Johnson,43,54442.0,Engineering,2016-09-09,Los Angeles
148,Lori Cole,31,82098.0,Marketing,2015-04-16,Los Angeles
149,Carmen Kim,56,64016.0,Marketing,2024-07-13,San Francisco
150,Lisa Kirk,44,37083.0,Engineering,2020-06-07,San Francisco
151,Michael Moyer,26,44199.0,Marketing,2017-12-24,Chicago
152,Jacob Taylor,32,69214.0,HR,2014-10-08,New York
153,Holly Schroeder,32,68258.0,Marketing,2020-07-21,Los Angeles
154,Amanda Mitchell,43,86373.0,Finance,2016-05-28,San Francisco
155,Kenneth Munoz,59,51288.0,Mgmt,2021-08-24,New York
156,Chad Hurley,30,61575.0,HR,2018-12-26,New York
157,Dr. Brandy Robinson MD,68,69499.0,Engineering,2018-04-07,San Francisco
158,Blake Salinas,49,115514.0,HR,2019-11-26,Los Angeles
159,Julie Thompson,56,31062.0,Finance,2016-12-19,Chicago
160,Kyle Vance,66,69986.0,Engineering,2021-09-23,New York
161,Emily Wade,69,49282.0,Marketing,2023-12-22,Chicago
162,Jessica Hall,49,54860.0,HR,2023-07-11,Los Angeles
163,Sharon Ward,21,53874.0,Engineering,2021-03-20,Los Angeles
164,Alyssa Smith,47,114458.0,Marketing,2018-07-03,Chicago
165,Tara Harris,54,77057.0,Engineering,2022-10-08,Los Angeles
166,Omar Collins,40,57935.0,Engineering,2015-11-04,New York
167,Steven Cortez,56,,Engineering,2019-04-14,Chicago
168,Karen Valdez,62,50618.0,HR,2023-06-18,Los Angeles
169,Brian Dyer,32,74028.0,Marketing,2023-05-04,Chicago
170,Kelly Harris,-10,80975.0,Finance,2016-09-05,New York
171,Mallory Bowers,46,50103.0,HR,2023-09-03,Los Angeles
172,Edward Brown,53,36645.0,HR,2021-09-27,New York
173,Holly Robbins,30,73925.0,HR,2016-09-23,Los Angeles
174,Sonya Castro,49,115451.0,Finance,2019-09-27,San Francisco
175,Duane Fox,24,34263.0,Marketing,2017-11-01,Los Angeles
176,Kathy Ibarra,68,32920.0,Marketing,2016-04-29,Chicago
177,Cindy Armstrong,39,56657.0,Marketing,2022-01-07,Los Angeles
178,Jonathan Jensen,45,95441.0,Engineering,2015-05-10,New York
179,Mario Cook,19,102541.0,Engineering,2016-12-17,New York
180,Donald Phillips,59,101520.0,Engineering,2022-04-09,Los Angeles
181,Vickie Washington,62,84237.0,Finance,2020-08-23,Chicago
182,Jessica Floyd,23,60448.0,Engineering,2023-11-04,San Francisco
183,Richard Barnes,45,102847.0,Finance,2023-07-23,Chicago
184,Michaela Wilson,45,42987.0,Marketing,2015-09-06,San Francisco
185,Scott Cruz,61,94288.0,Engineering,2020-07-31,New York
186,Mario Johnson,61,113691.0,Engineering,2015-03-15,Chicago
187,Cindy Pace,37,110818.0,HR,2018-01-24,San Francisco
188,Katherine Shannon,47,38711.0,Finance,2020-09-24,Los Angeles
189,Deborah Roberts,28,94929.0,Marketing,2017-08-24,New York
190,Ronald Diaz,45,111871.0,HR,29-09-2021,Los Angeles
191,Makayla Mueller,42,119899.0,HR,2021-12-14,New York
192,Robert Ortega,56,53411.0,Marketing,2021-06-26,Chicago
193,Renee Padilla,50,,HR,2019-06-23,Chicago
194,James Phillips,18,48574.0,Finance,2021-12-25,New York
195,Frank Carpenter,44,105452.0,Finance,2024-02-20,New York
196,Roy Roman,69,85230.0,Engineering,2015-12-03,New York
197,Kelsey Robinson,30,56685.0,HR,2022-09-05,Chicago
198,Megan Wiggins,58,43046.0,Engineering,2022-08-23,San Francisco
199,Rhonda Kennedy,20,119106.0,HR,2016-05-07,Los Angeles
200,Anthony Taylor,56,40954.0,Finance,2022-10-23,Los Angeles
201,Natalie Schultz,23,46032.0,Finance,2024-06-10,Chicago
202,Darren Hayden,25,64801.0,Finance,2021-01-19,Los Angeles
203,Derrick Rosario,44,82579.0,HR,2014-09-23,New York
204,Kaitlyn Pollard,26,67219.0,Finance,2015-06-21,San Francisco
205,Justin Peterson,54,32356.0,HR,2024-07-10,Los Angeles
206,Jennifer Strong,50,116231.0,Engineering,2022-07-13,San Francisco
207,Jeremy Hart,68,105717.0,HR,2018-05-15,New York
208,Jon Holmes,59,43919.0,Engineering,2017-06-27,Los Angeles
209,Wesley Flores,61,42984.0,HR,2015-06-26,Chicago
210,Mr. Gene Marshall,41,113122.0,Engineering,2016-03-28,San Francisco
211,James Nguyen,32,111121.0,Finance,2016-01-15,New York
212,Gregory Newton,49,50128.0,Engineering,2019-06-08,San Francisco
213,Wesley Martin,49,,Finance,2023-09-27,Los Angeles
214,Mario Adams,41,57083.0,Finance,2023-07-09,Los Angeles
215,Judith Harris,58,42984.0,Engineering,2018-09-06,Chicago
216,Susan Mccall,69,31435.0,HR,2017-01-31,New York
217,Brittany Dixon,66,88606.0,HR,2014-10-21,New York
218,Brittany Barnett,66,,Marketing,2020-03-15,Chicago
219,Michael Klein,69,50581.0,HR,2017-01-22,Chicago
220,Scott Mcdonald,29,90315.0,Marketing,2018-01-21,New York
221,Ryan Dean,56,105629.0,HR,2022-03-06,San Francisco
222,Joyce Guerrero,19,119431.0,HR,25-11-2001,San Francisco
223,John Cook DDS,20,31279.0,Finance,2017-11-11,Chicago
224,Dana Yang,66,49216.0,Marketing,2019-03-09,San Francisco
225,Renee Burke,54,36960.0,HR,2015-08-02,New York
226,Jennifer Cook,66,76600.0,Marketing,2020-04-16,Los Angeles
227,Matthew Parker,34,75028.0,Finance,2023-10-20,Los Angeles
228,Shane Frederick,66,56734.0,Finance,2019-11-28,San Francisco
229,Janice Goodman,19,53150.0,Marketing,2020-08-06,Chicago
230,Zachary Owens,999,54354.0,Finance,2023-05-24,Chicago
231,Keith Bridges,45,42676.0,Engineering,2021-02-10,Chicago
232,Jay Myers,40,32573.0,Engineering,2018-05-11,Chicago
233,Mark Turner,54,42201.0,Finance,2022-10-17,Chicago
234,Jennifer Hernandez,49,57696.0,Engineering,2024-08-01,San Francisco
235,Misty Soto,50,83625.0,HR,2015-11-20,Los Angeles
236,Latoya Carter,-5,50079.0,Marketing,2022-08-31,Los Angeles
237,Daniel Williams,36,85106.0,HR,2014-12-29,San Francisco
238,William Rodriguez,19,103781.0,Marketing,2023-07-06,Chicago
239,Timothy Payne,61,,Finance,2014-09-11,San Francisco
240,Nathaniel Garza,43,42857.0,HR,2018-11-08,Los Angeles
241,Robert Roberts,49,98247.0,Finance,2015-10-27,New York
242,Michael Lang,23,62413.0,Finance,2019-11-06,San Francisco
243,Traci Taylor,49,77638.0,Marketing,14-12-2018,Chicago
244,Bonnie Hess,21,54578.0,Marketing,2019-08-30,Los Angeles
245,Jennifer Richardson,28,114471.0,Marketing,2015-01-11,Los Angeles
246,Tiffany Wood,34,94323.0,HR,2017-09-22,Los Angeles
247,Ashley Simpson,55,81756.0,Engineering,2024-06-17,Los Angeles
248,Dawn Evans,41,103340.0,Marketing,2023-11-23,Chicago
249,Samantha Simmons,200,98577.0,Marketing,2024-04-08,New York
250,Christine Floyd,69,105897.0,HR,2022-02-20,Los Angeles
251,Teresa Sloan,51,114976.0,Marketing,2018-07-12,San Francisco
252,Seth Davis,23,70600.0,HR,2018-10-13,New York
253,Jill Snyder,39,65111.0,Finance,2014-08-20,Los Angeles
254,Scott Horton,28,108411.0,Marketing,2022-05-30,New York
255,Cassandra Nguyen,65,48449.0,Marketing,2019-03-21,San Francisco
256,Michael Webb,33,105713.0,Finance,2018-10-14,Los Angeles
257,Corey Montgomery,50,79481.0,Finance,2015-12-23,San Francisco
258,Shawn Mitchell,26,31759.0,Finance,2023-05-15,Chicago
259,Ronnie Jones,23,41653.0,Marketing,2022-07-14,Los Angeles
260,Clifford Hernandez,33,49216.0,Engineering,2015-08-10,Los Angeles
261,Samantha Wade,46,69063.0,Engineering,2024-01-06,Los Angeles
262,Gerald Smith,20,109026.0,Engineering,2023-03-19,Los Angeles
263,James Bartlett,37,84615.0,Marketing,2022-12-03,Chicago
264,Sarah Owens,53,30661.0,Finance,29-11-2006,Los Angeles
265,Kaylee Burns PhD,36,54262.0,Marketing,2021-08-26,New York
266,Deborah Garner,43,75500.0,Finance,2020-07-16,Los Angeles
267,Terry Rodgers,20,112970.0,Marketing,2018-01-12,Chicago
268,Warren Melton,36,32356.0,Marketing,2014-11-14,Los Angeles
269,Clayton Griffin,37,111941.0,Finance,2023-11-24,New York
270,Joel Cook,49,51195.0,Engineering,14-03-2008,Chicago
271,Erica Whitney,24,65854.0,Finance,2016-05-01,Chicago
272,Daniel Harris,69,31917.0,HR,2016-12-05,New York
273,Joseph Ramirez,150,119186.0,HR,2014-08-06,New York
274,Maria Burnett,50,115382.0,Finance,2023-07-26,New York
275,Jessica Mcknight,57,83331.0,Marketing,2017-08-31,New York
276,Emily Jensen,56,54762.0,HR,2016-10-24,New York
277,Andrew Smith,35,53150.0,HR,2019-05-02,Chicago
278,James Mclean,57,87660.0,Marketing,2014-12-17,Chicago
279,Marie Ingram,18,71844.0,Marketing,2023-01-04,Los Angeles
280,Brian Williams,28,,Engineering,2023-01-05,Los Angeles
281,Linda Tate,45,48381.0,Marketing,2018-11-28,San Francisco
282,Mark Lee,42,64701.0,Finance,2015-10-24,Los Angeles
283,Patty Hanson,67,77915.0,Finance,2021-08-28,Los Angeles
284,Michael Levy,40,46984.0,Engineering,2020-04-14,New York
285,Vincent Smith,48,52015.0,HR,2021-10-09,New York
286,Elizabeth Moreno,47,119106.0,HR,2019-12-04,Los Angeles
287,Kristen Obrien,59,32482.0,Marketing,24-02-2022,San Francisco
288,Krystal Miller MD,52,,Finance,2021-02-15,New York
289,Kimberly Beck,24,57952.0,HR,2019-02-05,Los Angeles
290,Alexis Gray,33,96672.0,Engineering,2023-09-16,Los Angeles
291,Alicia Davis,43,87372.0,Engineering,2020-03-05,Chicago
292,Lori Mcintosh,65,31605.0,Finance,2014-09-09,San Francisco
293,Luis Jones,69,63662.0,Engineering,2022-07-24,Chicago
294,John Williams,200,115595.0,Engineering,2014-12-16,San Francisco
295,Carly Vasquez,19,111974.0,Finance,2016-07-26,New York
296,Patrick Thompson,18,111871.0,Marketing,2018-04-12,San Francisco
297,Thomas Green,65,66408.0,Marketing,2020-06-29,Los Angeles
298,Jennifer Bailey,29,83394.0,Engineering,2021-05-12,Los Angeles
299,Breanna Anderson,22,73408.0,Marketing,2014-08-25,San Francisco
300,Donald Tran,54,34263.0,Marketing,2022-05-12,San Francisco
301,Jacqueline Frey,49,56069.0,Engineering,2019-10-31,San Francisco
302,John Erickson,26,104532.0,Marketing,2023-11-06,Chicago
303,Patricia Mitchell,58,64636.0,Engineering,10-08-2016,San Francisco
304,Jeffrey Wells,52,86373.0,HR,2022-06-07,New York
305,Mark Barrera,36,58602.0,Finance,2019-06-02,Chicago
306,Jonathan Nguyen,65,35415.0,Finance,2018-08-14,Chicago
307,Taylor Joyce,33,88596.0,Marketing,2019-04-09,San Francisco
308,Ann Gallegos,-10,65367.0,Marketing,2018-04-15,New York
309,Kristy Miller,37,44288.0,Marketing,2015-07-22,Chicago
310,Matthew Webb,41,108797.0,Finance,2023-06-30,Los Angeles
311,Michelle Colon,50,32469.0,HR,2022-06-02,Chicago
312,Gregory Washington,41,115655.0,HR,2024-07-17,San Francisco
313,Susan Hill,69,87372.0,Finance,2015-12-06,New York
314,Brett Garrett,28,105629.0,HR,2014-08-09,San Francisco
315,Gene Hull,66,74569.0,Finance,2022-06-19,Los Angeles
316,Anthony Flores,-10,69711.0,HR,2023-08-23,Los Angeles
317,Laura Bird,53,62921.0,Engineering,2016-08-29,Los Angeles
318,Kaitlyn Hayden,55,57082.0,Engineering,2019-10-09,San Francisco
319,Daniel Campos,57,80975.0,Finance,2018-09-20,Chicago
320,Joe Howard,37,93230.0,HR,2017-05-01,San Francisco
321,Gregory Davenport,52,,Marketing,2016-05-18,New York
322,Frank Harris,200,119899.0,HR,2019-09-03,Chicago
323,Joel Thompson,42,53236.0,Engineering,2023-02-15,Los Angeles
324,Kristopher Gill,52,57345.0,Engineering,2022-01-30,San Francisco
325,Jordan Parker,42,36960.0,HR,2024-05-18,Los Angeles
326,Shane Adkins MD,46,81571.0,HR,23-01-2007,Los Angeles
327,Crystal Hill,35,53874.0,Marketing,2016-04-01,New York
328,Whitney Garcia,63,77517.0,Marketing,2023-05-14,Chicago
329,Richard Medina,-5,34018.0,HR,2019-02-23,New York
330,Christopher Floyd,19,31759.0,HR,2018-10-30,New York
331,Erin Baker,52,60448.0,HR,2023-09-02,New York
332,Virginia Fletcher,33,,HR,2017-02-14,Los Angeles
333,Barry Peterson,58,72078.0,Finance,2021-12-11,New York
334,James Hunter,53,70809.0,HR,24-11-2022,New York
335,Elizabeth Crawford,50,73642.0,Marketing,2016-02-29,Chicago
336,Claudia Bennett,21,91413.0,Engineering,2016-11-27,Chicago
337,Regina Townsend,50,64674.0,Finance,2019-11-06,New York
338,Bonnie Cantrell,31,86446.0,HR,29-07-2021,Chicago
339,Robert James,38,88606.0,Engineering,2023-09-30,Chicago
340,Nicole Harding,65,76600.0,Finance,09-03-2015,New York
341,April Faulkner,37,89383.0,Engineering,2018-02-09,Los Angeles
342,Leon Phillips,25,94929.0,HR,2015-07-28,New York
343,Kelly Case,24,105039.0,HR,2015-09-02,Chicago
344,Daniel Sanchez,20,89129.0,Marketing,2024-01-18,Los Angeles
345,Colleen Estrada,34,66368.0,HR,2016-05-28,San Francisco
346,Mitchell Bennett,50,90535.0,HR,2016-11-12,Los Angeles
347,Andrea Perkins,65,42219.0,Finance,2018-01-12,Chicago
348,Christine Walker,29,63039.0,Marketing,2018-01-27,Los Angeles
349,Jessica Olson,68,33812.0,Finance,2019-11-29,New York
350,Melissa Baker,39,86985.0,Engineering,2016-02-09,San Francisco
351,Tara Wilson,39,71157.0,HR,2024-07-05,San Francisco
352,Jennifer Rodgers,63,103972.0,Engineering,2022-02-21,San Francisco
353,William Stevens,47,100316.0,Finance,2020-09-15,Chicago
354,Peter Armstrong,55,68000.0,HR,2023-06-25,Chicago
355,Jordan Dalton,55,77523.0,HR,2019-06-05,San Francisco
356,Dillon Carney,62,76163.0,Finance,2017-09-05,Los Angeles
357,Lisa Green,68,83276.0,Finance,2015-09-18,San Francisco
358,Gary Russo,25,32717.0,Finance,2015-02-19,Los Angeles
359,Jeff Johnson,44,31560.0,Mgmt,18-04-2000,Los Angeles
360,Patricia Fisher,200,105703.0,Finance,2021-02-06,Chicago
361,William Greer,51,31828.0,HR,2018-05-24,Los Angeles
362,Charles Romero,38,58769.0,Finance,2015-02-20,San Francisco
363,James Johnston,47,79930.0,HR,2018-02-19,Chicago
364,Joseph Howell,50,67567.0,HR,2017-12-12,New York
365,Ashley Charles,45,42857.0,Finance,2019-07-29,New York
366,Kelli Mckee,64,47771.0,Finance,2022-12-26,Chicago
367,Abigail Deleon,50,81356.0,Marketing,2016-05-28,San Francisco
368,Jeremy Marquez,22,45358.0,HR,2015-10-01,New York
369,Sarah Hart,65,110199.0,Finance,2017-07-21,New York
370,Gordon Gregory,36,32198.0,Finance,2016-12-05,Los Angeles
371,Kathryn Bright,21,36640.0,Finance,2016-11-23,Los Angeles
372,Amanda Estrada,52,73408.0,Marketing,2023-04-18,San Francisco
373,Lauren Wilson,66,69711.0,Marketing,2019-09-27,Chicago
374,David Carlson,34,62981.0,Engineering,2020-01-13,San Francisco
375,Ryan Fields,999,95641.0,HR,2020-03-20,Chicago
376,Steven Rogers,45,66159.0,Engineering,2018-08-08,New York
377,Crystal Matthews,47,40395.0,Finance,2024-02-08,Los Angeles
378,Matthew Hunt,46,108249.0,Marketing,2019-12-04,San Francisco
379,Mario Taylor,63,67219.0,Marketing,2018-12-20,San Francisco
380,Kimberly Rowe,23,57424.0,Engineering,2024-02-15,Chicago
381,Tiffany Rodriguez,52,111264.0,Marketing,2016-07-17,Chicago
382,Debra Clark,58,42182.0,Finance,2021-09-06,San Francisco
383,Elizabeth Burch,54,87372.0,Marketing,2023-07-23,Chicago
384,Erin Pope,41,36229.0,Engineering,2021-10-08,San Francisco
385,Stephen Aguilar,46,55963.0,Finance,2019-12-22,San Francisco
386,Martin Brooks,66,44596.0,Engineering,2023-02-22,San Francisco
387,Douglas Harper,63,70042.0,Marketing,2018-08-19,New York
388,Tara Shaw,48,85554.0,Engineering,2021-07-21,Chicago
389,Adam Holt,52,55559.0,Engineering,2018-04-01,Los Angeles
390,Jeremy Lara,50,92187.0,HR,2021-01-18,Los Angeles
391,Rachel Rodriguez,69,41246.0,Marketing,2018-02-23,Chicago
392,Sophia Price,38,79708.0,Marketing,2017-07-05,San Francisco
393,Earl Davis,49,106125.0,Engineering,2021-11-26,Los Angeles
394,Wendy Crawford,40,48381.0,HR,2015-10-26,Los Angeles
395,Isaiah Shah,50,109083.0,Marketing,2022-10-02,Chicago
396,Jennifer Armstrong,999,32482.0,Finance,2017-09-14,Los Angeles
397,Michael Dodson,35,59629.0,Engineering,2017-05-09,San Francisco
398,Jason Acevedo,42,43918.0,Marketing,27-10-2014,Chicago
399,Courtney Hanson,59,89720.0,Finance,2020-12-07,San Francisco
400,Andrew Brown,48,,Marketing,2019-01-06,Los Angeles
401,Jonathan Thompson,20,73001.0,Finance,2017-09-14,Los Angeles
402,Angela Peters,57,71427.0,Engineering,2023-06-04,San Francisco
403,Jay Cunningham,63,35408.0,Marketing,2019-05-28,New York
404,Holly Khan,41,101315.0,Marketing,2024-05-06,Los Angeles
405,Megan Combs,-5,41536.0,HR,2019-03-24,New York
406,Betty Brown,49,117062.0,Engineering,2018-02-08,Los Angeles
407,Benjamin Camacho,64,,Finance,2014-11-29,New York
408,Amber Sims,39,76542.0,Marketing,2024-07-25,New York
409,Wendy Torres,40,32920.0,Marketing,2023-12-08,New York
410,Jessica Baker,19,61585.0,Finance,2019-10-08,San Francisco
411,Tyler Wells,44,91120.0,Engineering,2024-02-24,New York
412,Amber Brown,59,49256.0,HR,2020-02-09,New York
413,Maria Flores,19,81184.0,HR,2018-05-27,New York
414,Jeremy Clayton,-10,,Marketing,2015-01-29,Los Angeles
415,Mark Butler,34,84620.0,Finance,2015-06-29,New York
416,Sharon Colon,57,75186.0,Marketing,2015-08-29,Los Angeles
417,Brandon Pierce,50,42219.0,Finance,2021-10-04,New York
418,James Elliott,26,82329.0,HR,2020-06-21,New York
419,Taylor Thomas,60,118801.0,Engineering,2015-07-30,San Francisco
420,James Reed,65,64157.0,Finance,2024-07-11,Los Angeles
421,Jason Silva,56,63660.0,HR,2015-08-01,New York
422,David Brown,46,60027.0,Marketing,2023-01-19,Los Angeles
423,Cassandra Miller MD,59,105758.0,Finance,2015-08-22,Los Angeles
424,Dave Elliott,43,41664.0,Engineering,2018-03-28,Chicago
425,James Parker,52,82307.0,Marketing,2014-10-21,San Francisco
426,Brandon Booth,67,54578.0,Marketing,2021-11-11,San Francisco
427,Robert Cook,42,78756.0,HR,2021-02-01,San Francisco
428,Charles Rhodes,41,34703.0,Finance,2024-01-06,Chicago
429,Matthew Lynch,30,98247.0,Marketing,2018-01-24,Chicago
430,Erika Lopez,24,84917.0,Engineering,2020-07-15,San Francisco
431,Mitchell Diaz,53,86276.0,Finance,2019-11-05,Chicago
432,Laura Wilcox,62,72874.0,Engineering,2023-04-05,Chicago
433,Benjamin Kline,37,67412.0,Marketing,2015-09-06,Chicago
434,Christina Brown,18,40616.0,Engineering,2022-12-29,San Francisco
435,Kevin Smith,25,88067.0,Mgmt,2016-11-12,San Francisco
436,Kelly Duran,63,84756.0,Engineering,2022-09-11,San Francisco
437,Brandon Kelley,33,51172.0,Finance,2019-04-04,Chicago
438,Sierra Wu,31,70738.0,Engineering,2020-06-10,San Francisco
439,Jim Morgan,29,92768.0,Engineering,2020-11-07,Chicago
440,Anthony Haney,68,39077.0,HR,2016-02-03,New York
441,George Henry,40,42342.0,Engineering,2016-10-23,Chicago
442,Kevin Rodgers,32,90545.0,Engineering,2017-11-16,Los Angeles
443,Keith Watson,45,66368.0,Marketing,2021-02-26,San Francisco
444,Michelle Young,51,115680.0,Marketing,2019-06-16,San Francisco
445,Julie Larsen,19,91413.0,Finance,2019-01-08,Los Angeles
446,Angela Bird,49,51563.0,Marketing,2018-03-27,Chicago
447,Jeanette Thomas,40,50662.0,Marketing,2023-09-21,New York
448,Jeremy Thomas,39,117955.0,Marketing,2018-11-20,Los Angeles
449,Michelle Roth,68,85554.0,Marketing,2020-11-26,Los Angeles
450,Alexandra Kane,42,35408.0,HR,2023-03-01,Chicago
451,Michael Jones,39,56630.0,Marketing,2021-09-17,San Francisco
452,Victor Adams,39,117272.0,HR,2023-05-04,Chicago
453,Mary Dickerson,66,89129.0,HR,2019-03-28,Los Angeles
454,Jon Patton,69,,Marketing,2019-10-27,Los Angeles
455,Robert Price,59,100480.0,Engineering,2018-11-27,San Francisco
456,Chelsea Tran,23,31591.0,HR,2014-12-09,San Francisco
457,Justin Burke,32,,Engineering,2017-09-22,San Francisco
458,Haley Barrett,60,41122.0,Engineering,2023-05-17,Chicago
459,Sheila Delgado,54,59629.0,Marketing,2018-06-26,San Francisco
460,Sierra Sanchez,50,115451.0,Finance,2016-11-28,Los Angeles
461,Jennifer Brooks,25,49216.0,Marketing,2018-05-09,Los Angeles
462,Mr. Mark Hamilton,61,50662.0,Finance,2019-04-18,New York
463,Robin Murray,61,92823.0,Finance,11-08-2005,Chicago
464,Karen Hart,22,35408.0,Marketing,2015-10-29,New York
465,Jennifer Alvarez,56,78280.0,Marketing,2023-11-26,Los Angeles
466,Ronald Patterson,21,105703.0,Finance,2022-12-22,New York
467,Cynthia Mclean,23,42987.0,Marketing,2022-09-12,Los Angeles
468,Wendy Mann,62,64832.0,Finance,2019-05-29,New York
469,Paula Wilson,49,42175.0,Engineering,2022-08-30,San Francisco
470,Brandi Hendrix MD,69,76542.0,Marketing,2021-11-15,New York
471,Kimberly Bates,47,104663.0,Engineering,2022-04-03,San Francisco
472,Christopher Marsh,64,36469.0,HR,2021-01-27,San Francisco
473,Nathaniel Kane,52,60448.0,Engineering,2017-10-13,Chicago
474,David Fischer,57,42175.0,Engineering,2014-12-09,San Francisco
475,Chase York,69,73408.0,Finance,2020-02-11,San Francisco
476,Edward Jones,33,109239.0,Engineering,2024-06-25,New York
477,Joseph Anderson,30,112565.0,Marketing,2017-02-05,Los Angeles
478,Martha Rogers,67,106707.0,Mgmt,2018-09-22,Chicago
479,Kelsey White,59,95082.0,HR,2021-12-05,San Francisco
480,Caroline Pitts,47,57083.0,Marketing,2023-08-29,Chicago
481,Madeline Zhang,36,84620.0,HR,2016-08-20,New York
482,Allison Porter,34,114976.0,Engineering,2020-11-18,San Francisco
483,Carol Patton,36,102750.0,Marketing,2019-08-21,New York
484,Tina Gates,45,61890.0,Marketing,2024-07-24,Chicago
485,John Morris,43,57935.0,HR,2018-12-04,New York
486,Evan Barber,54,,Marketing,2018-03-27,Chicago
487,Autumn Medina,43,81571.0,Marketing,2014-09-13,New York
488,Julie Kennedy,40,,Marketing,2023-12-23,Chicago
489,Laura Lynch,26,49096.0,Engineering,2019-09-04,Los Angeles
490,Cassidy Lewis,29,,HR,2015-12-03,New York
491,Karen Goodwin,18,116066.0,Marketing,2017-05-11,New York
492,Clinton Sanchez,18,56292.0,Finance,2020-02-11,Los Angeles
493,Dylan Hernandez,64,45317.0,Finance,2015-09-16,Los Angeles
494,Alison Allen MD,51,83441.0,Finance,2023-11-16,New York
495,Janet Duran,49,83268.0,Finance,2017-08-31,Los Angeles
496,Hannah Grimes,65,31279.0,Engineering,2018-01-11,San Francisco
497,Patrick Jones,42,68110.0,Marketing,2021-12-07,Chicago
498,George Wright,57,38577.0,HR,2021-10-29,Chicago
499,Matthew Calhoun,62,54160.0,Marketing,18-05-2023,Chicago
500,Jessica Scott,18,66444.0,Engineering,2014-09-09,San Francisco
501,Kyle Murphy,33,53930.0,Finance,2023-01-10,Los Angeles
502,Veronica Sanchez,56,32719.0,Engineering,2023-05-18,Los Angeles
503,Erika Harrington,22,81356.0,Marketing,2022-12-13,New York
504,Margaret Williams,39,39077.0,HR,2021-09-16,Los Angeles
505,Mr. Michael Porter,46,75028.0,Engineering,2024-03-30,New York
506,Judith Bush,20,106077.0,HR,2015-02-19,San Francisco
507,Chelsea Humphrey,29,90545.0,Engineering,2021-07-24,Chicago
508,Rebecca Blankenship,43,84771.0,HR,2022-02-01,Chicago
509,Vanessa Glass,33,31524.0,HR,2015-05-17,Chicago
510,Bethany Johnson,68,71846.0,Finance,2016-09-28,Los Angeles
511,Ashley Murray,54,103698.0,HR,2023-11-01,New York
512,Brian Harris,39,,Finance,2016-10-02,New York
513,Melissa Dominguez,46,105758.0,Marketing,2020-07-21,San Francisco
514,Ashley Bailey,31,83268.0,Marketing,2022-12-04,Los Angeles
515,Amanda Ingram,45,41555.0,Finance,2017-06-23,San Francisco
516,Courtney Conner,22,82375.0,Finance,2022-07-20,New York
517,Shelby Brown,64,83302.0,Engineering,2021-06-11,New York
518,Erin Spencer,66,69110.0,Engineering,2016-05-16,Chicago
519,Jacob Smith,47,30060.0,Engineering,2019-07-13,Los Angeles
520,Michael Hoffman DVM,63,105452.0,Marketing,2018-04-07,New York
521,Timothy Harris,69,102847.0,Engineering,2020-12-15,Chicago
522,Michael Winters,22,36645.0,HR,2017-07-06,Los Angeles
523,Jordan Chandler,29,30814.0,HR,2017-02-11,San Francisco
524,Samantha Garrett,33,59757.0,Engineering,2020-07-03,Los Angeles
525,Rebecca Mcintyre,43,87492.0,HR,2016-06-21,Los Angeles
526,Nicole Mann,43,73642.0,Marketing,2023-05-10,New York
527,Wayne Phillips MD,65,70042.0,HR,2023-11-06,New York
528,James Wilson,38,34324.0,Marketing,2016-09-07,Los Angeles
529,Dana Garcia,56,111061.0,Finance,2023-03-03,New York
530,Sierra Sawyer,53,77915.0,Finance,2019-04-09,New York
531,Nancy Davis,50,37906.0,Finance,2017-02-06,New York
532,Kristina Booker,47,90774.0,Finance,2020-01-12,Chicago
533,Nancy Byrd,54,118652.0,HR,2014-11-13,Chicago
534,Derek Howard,40,60448.0,Engineering,18-01-2011,Los Angeles
535,Dr. John Johnson DDS,27,30956.0,HR,2019-11-26,New York
536,Mary Peterson,22,92552.0,Marketing,2024-07-30,Chicago
537,Anthony Jenkins,53,58831.0,HR,2018-07-04,Los Angeles
538,William Barry,-5,67265.0,HR,2014-09-13,New York
539,Margaret Romero,69,106589.0,Marketing,2020-06-12,San Francisco
540,Charles Walton,48,57696.0,Finance,2020-05-08,New York
541,Elizabeth Valdez,27,117127.0,Finance,2023-04-06,New York
542,David Burton,36,111470.0,Finance,2015-12-13,Chicago
543,Samantha Rivera,49,56614.0,Engineering,2020-05-20,Los Angeles
544,Sara Melton,18,94754.0,Marketing,2023-08-26,Los Angeles
545,David Miller,22,57935.0,Marketing,2015-08-27,Chicago
546,Seth Potter,62,30956.0,HR,2014-09-28,New York
547,Jamie Hunter,21,56589.0,Engineering,2023-07-09,San Francisco
548,Andrew Schwartz,33,41694.0,Finance,2024-05-22,New York
549,Brittany Kent,-10,83394.0,Engineering,2014-12-19,New York
550,Jennifer Vaughn,33,70806.0,Marketing,2021-01-24,San Francisco
551,Christopher Oneal,19,70042.0,Marketing,2022-07-27,Chicago
552,David Brewer,66,51566.0,HR,2016-02-13,Los Angeles
553,Joel Stewart,45,49096.0,HR,2015-08-12,Chicago
554,Monica Buchanan,49,31828.0,Marketing,2018-10-03,Chicago
555,Tiffany Soto,44,105717.0,Finance,2022-03-03,New York
556,Donald Sanders,37,106908.0,Finance,2015-06-13,Los Angeles
557,Dakota Clark,41,102541.0,Engineering,2021-11-18,Los Angeles
558,Elizabeth Nelson,29,34853.0,Marketing,2022-05-10,Chicago
559,Yolanda Thomas,67,102545.0,Marketing,2015-03-05,San Francisco
560,Hector Brown,52,47482.0,Finance,2022-05-22,Chicago
561,Alexander Burgess,50,113122.0,Finance,2021-07-26,San Francisco
562,John Lyons,50,74064.0,Marketing,2016-01-11,Los Angeles
563,Angel Walker,68,104478.0,HR,2016-12-30,Chicago
564,Thomas Dunn,60,87132.0,Marketing,2020-11-13,New York
565,James Baker,54,50491.0,Marketing,2020-11-04,Chicago
566,Kimberly Turner,29,90461.0,Finance,2021-09-30,Los Angeles
567,William Bernard,20,84756.0,Finance,2018-07-10,New York
568,Mark May,18,56685.0,HR,2021-03-21,New York
569,Leonard Brown,50,108797.0,HR,2022-12-14,San Francisco
570,Sarah Long,57,,Engineering,2020-11-13,New York
571,Justin Wilson,27,90504.0,Marketing,2021-08-06,New York
572,Steven Perez,60,95441.0,Finance,2023-03-03,Chicago
573,Robert Hanson,61,100981.0,HR,2017-08-04,Los Angeles
574,Sarah Stone,46,46371.0,Engineering,2017-09-27,San Francisco
575,Denise Miller,30,46032.0,Engineering,2022-11-23,Chicago
576,Kathleen White,29,69986.0,Finance,2024-02-11,New York
577,Brian Kim,48,,Finance,2019-09-29,New York
578,Diane Burton,63,,Engineering,2018-06-06,San Francisco
579,Katie Jackson,19,43507.0,HR,19-09-2012,Los Angeles
580,John Griffin,68,67412.0,Engineering,2015-10-21,San Francisco
581,John Hernandez,67,102355.0,Marketing,2019-05-14,Chicago
582,Paula Henry,52,115553.0,Marketing,2020-07-28,San Francisco
583,Adriana King,40,51563.0,Finance,2016-11-04,New York
584,Angel Pittman,999,97779.0,HR,2021-01-16,Chicago
585,Scott Campbell,43,60561.0,HR,2016-03-18,New York
586,Rodney Bell,25,104532.0,Marketing,2021-04-24,Los Angeles
587,Ashley Vincent,46,113300.0,Engineering,2022-06-17,New York
588,Steve Miller,43,114291.0,Finance,2021-07-08,New York
589,Carl Kent,27,75420.0,Engineering,2024-06-13,San Francisco
590,Pamela Cook,43,36645.0,Engineering,2018-05-27,New York
591,Juan Williams,51,87761.0,Engineering,2021-10-12,Chicago
592,Sandra Mason,68,78756.0,HR,2022-06-01,Chicago
593,Jerry Estrada,58,106908.0,Marketing,24-12-2000,Los Angeles
594,James Hays,24,96435.0,HR,2015-12-13,Chicago
595,Patrick Francis,21,103340.0,Marketing,2018-08-23,San Francisco
596,Lisa Ortiz,67,54160.0,Finance,2022-02-02,Los Angeles
597,Kimberly Johnson,62,55522.0,Finance,2017-02-23,Chicago
598,William Jordan,-10,93076.0,Engineering,2016-04-13,San Francisco
599,Kyle Mcguire,46,67430.0,Marketing,2019-09-13,Chicago
600,Victoria Campbell,53,118929.0,Marketing,2022-01-05,Chicago
601,Deanna Wagner,42,77915.0,Marketing,2022-02-24,New York
602,Ralph White,38,66244.0,Engineering,2018-08-07,Chicago
603,Jeffrey Baker,53,84620.0,Engineering,2021-08-02,Chicago
604,Robert Patterson,27,57285.0,Finance,29-01-2008,San Francisco
605,Alicia Lopez,54,94772.0,HR,2022-03-04,San Francisco
606,Michelle Wright,26,42676.0,Marketing,2021-09-21,New York
607,Joshua Porter,41,77924.0,Marketing,2024-02-14,Chicago
608,William Hoffman,52,90545.0,HR,2019-10-11,New York
609,Michelle Mckinney,66,,Marketing,2021-12-21,Chicago
610,Tommy Black,52,86942.0,Engineering,2021-07-13,Los Angeles
611,Samantha Wright,65,73642.0,Engineering,2014-08-18,Los Angeles
612,Scott Fox,53,61987.0,Marketing,2015-11-03,New York
613,Daniel Grant,35,44060.0,Engineering,13-04-2008,New York
614,Amy Hayes,66,83441.0,Engineering,2017-11-10,New York
615,Thomas Gomez,56,68827.0,Marketing,2016-05-19,San Francisco
616,Joseph Hodges,49,40267.0,Finance,2015-02-26,San Francisco
617,Terry Martin,200,45313.0,HR,2017-05-02,San Francisco
618,Misty Fletcher,40,74813.0,Engineering,2018-03-01,New York
619,Tina Rodriguez,49,36469.0,Finance,2023-02-15,Chicago
620,Christopher Delgado,54,65367.0,Engineering,2018-01-30,Los Angeles
621,Casey Ryan,29,85961.0,Engineering,2017-09-13,New York
622,Timothy Palmer,66,59192.0,HR,2021-06-25,San Francisco
623,Shawn Porter,30,46371.0,Engineering,2020-09-19,San Francisco
624,Samantha Spencer,40,109083.0,HR,2015-08-13,New York
625,Lisa Roberson,42,53930.0,HR,2021-06-07,New York
626,Paul Price,52,56289.0,HR,2015-08-16,San Francisco
627,Brian Baldwin,58,75420.0,Finance,30-09-2006,Chicago
628,Troy Ray,47,42999.0,Marketing,2018-07-26,San Francisco
629,Stephen Benitez,34,59241.0,Finance,2017-06-23,San Francisco
630,Richard Rodriguez,66,102541.0,Marketing,2023-05-17,New York
631,John Pittman,37,93888.0,Marketing,2016-04-15,Chicago
632,Danny Jones,65,100507.0,HR,2022-03-17,San Francisco
633,Doris Murray,42,66062.0,Engineering,2020-04-10,San Francisco
634,Shannon Lucas,39,32356.0,HR,2015-12-12,Los Angeles
635,Isaiah Simpson,999,44288.0,Engineering,2019-09-11,New York
636,Andrew Warren,36,43224.0,Marketing,2024-02-19,Los Angeles
637,Caroline Noble,66,42857.0,HR,2023-12-18,Los Angeles
638,Kenneth Hoover,53,50806.0,Engineering,08-09-2021,San Francisco
639,Timothy Stone,29,86819.0,Finance,2024-03-09,New York
640,Kenneth Marshall,58,,Engineering,2024-03-25,Chicago
641,Tanya Woods,36,117046.0,HR,2020-06-04,San Francisco
642,Jeremiah Thomas,29,48639.0,Finance,2020-04-17,Chicago
643,April Hughes,26,72929.0,Engineering,2022-11-20,Chicago
644,Melinda Patrick,24,86373.0,Engineering,2016-08-12,New York
645,Anna Ross,45,42857.0,Engineering,2019-04-28,Los Angeles
646,Angela Frey,31,52116.0,Engineering,2018-02-08,New York
647,Sharon Morris,48,31279.0,Engineering,2020-06-23,Chicago
648,Dana Garner,69,66397.0,Finance,2016-04-05,San Francisco
649,Karen Turner,36,104663.0,Marketing,2024-05-16,Chicago
650,Joel Lawson,64,75186.0,Finance,2016-05-25,San Francisco
651,Daniel Sanchez,33,56630.0,Finance,2018-05-05,San Francisco
652,Rebecca Smith,-10,93483.0,Finance,2024-03-02,New York
653,Rose Mejia,52,,Marketing,2018-01-12,Chicago
654,Madison Carter,29,55425.0,HR,2024-07-12,Los Angeles
655,Natasha Walker,999,35415.0,Marketing,2019-06-30,Chicago
656,Yvonne Gordon,69,54354.0,Finance,2021-12-21,Chicago
657,Kayla Willis,38,,Mgmt,2022-03-08,Los Angeles
658,Rachael Payne,53,98577.0,Engineering,2018-04-17,New York
659,Vanessa Fritz,40,52015.0,Finance,2016-04-25,Chicago
660,Clinton Richardson,33,119899.0,Engineering,2019-05-06,Chicago
661,Samantha Potter,56,66062.0,Finance,2015-04-17,San Francisco
662,Suzanne Carrillo MD,62,75587.0,Engineering,25-11-2023,Chicago
663,Yvonne Wright,59,59629.0,Marketing,2019-11-05,Los Angeles
664,Leslie Parks,56,40789.0,HR,2021-12-25,San Francisco
665,Thomas Bond,31,61890.0,HR,2015-08-29,New York
666,Chad Jenkins,48,77915.0,Marketing,2015-05-31,San Francisco
667,Christopher Lin,22,47482.0,Marketing,2022-08-21,Los Angeles
668,James Phelps,-10,45524.0,Finance,2024-04-19,Los Angeles
669,Jordan Foster,40,34494.0,Finance,2024-04-05,San Francisco
670,Joshua Foster,46,112180.0,Finance,2016-05-31,New York
671,Melissa Ochoa,60,55425.0,Engineering,2022-01-14,San Francisco
672,Debbie Conley,28,47850.0,Finance,27-09-2018,New York
673,Harry Roberts,35,91788.0,Marketing,2015-11-16,San Francisco
674,Matthew Wiley,64,110559.0,HR,2022-11-28,Los Angeles
675,Gordon Wood,29,91413.0,Engineering,2020-06-02,Chicago
676,Christy Ortiz,26,95128.0,Finance,2015-07-12,Chicago
677,Sarah Walker,27,114976.0,Engineering,2022-10-20,New York
678,Mrs. Sarah Tran DDS,61,83002.0,Engineering,2017-02-17,New York
679,Nancy Mccarty,34,97642.0,Finance,2021-04-25,New York
680,Brooke Morris,55,47602.0,Engineering,2015-04-14,Los Angeles
681,Kellie Hunter,24,64531.0,HR,2020-02-06,San Francisco
682,Stanley Cox,63,31605.0,Marketing,2016-07-05,Los Angeles
683,Mark Powell,30,70738.0,Marketing,2017-05-23,Chicago
684,Louis Smith,200,53930.0,HR,2018-01-25,New York
685,Christine Browning DVM,59,71427.0,Engineering,2014-09-27,San Francisco
686,John Roberts,26,90504.0,Finance,2016-12-08,Chicago
687,David Bartlett,67,68890.0,Engineering,2020-12-18,Chicago
688,Victor Pope,44,105452.0,HR,2018-06-19,Chicago
689,Raymond Klein,19,57935.0,Engineering,2019-09-21,Los Angeles
690,George Tapia,22,,Marketing,2015-01-28,New York
691,Kaitlyn Franklin,46,94881.0,Engineering,2023-06-19,Chicago
692,Amanda Davis,54,107475.0,HR,2021-04-12,New York
693,Joel Rivera,55,94929.0,Marketing,2020-05-07,Los Angeles
694,Nicholas Burke,36,102750.0,Engineering,2024-07-28,Chicago
695,Ronald Dixon MD,25,93197.0,Engineering,2019-10-16,Los Angeles
696,Caleb Gardner,65,117266.0,Marketing,2020-05-26,Los Angeles
697,Andrea Lopez,62,39903.0,Finance,2023-05-06,New York
698,Gina Goodman,18,43224.0,Marketing,2017-10-18,Chicago
699,Sarah Daniels,39,113976.0,Finance,2017-11-19,Los Angeles
700,Isaiah Brady,69,106323.0,HR,2014-11-07,Chicago
701,Erica Marquez,34,45850.0,HR,2016-07-26,New York
702,James Morgan,24,119399.0,Marketing,2021-12-30,Los Angeles
703,Andrew Baldwin,42,108339.0,Marketing,2022-05-29,New York
704,Robert Johnson,62,72533.0,HR,2016-08-11,Chicago
705,Kristen Green,21,57424.0,Finance,2023-12-20,Chicago
706,Christopher Pierce,53,38512.0,Mgmt,2017-10-09,New York
707,Alexander Ferguson,23,49096.0,Marketing,2018-09-15,San Francisco
708,Jeremy Greer,48,111244.0,HR,17-03-2001,Los Angeles
709,Jeffrey Boyle,36,34018.0,Marketing,2023-04-06,Chicago
710,Jenna Robinson,61,101895.0,Marketing,2024-04-28,Chicago
711,Kathleen Howard,56,36960.0,HR,25-02-2013,Los Angeles
712,Kari Alexander,44,50581.0,Finance,2020-12-16,New York
713,Donna Lawrence,-5,66368.0,Engineering,2017-12-04,New York
714,Sally Hawkins,43,,HR,2015-08-20,New York
715,Lance Richardson,36,90774.0,Engineering,07-08-2016,San Francisco
716,Robert Thomas,56,75539.0,HR,2017-04-18,San Francisco
717,Heather Carpenter,20,110688.0,Engineering,2023-12-25,Chicago
718,Amber Murphy,62,38070.0,Finance,2014-11-18,New York
719,Randy Novak,30,106919.0,Finance,2017-10-03,Los Angeles
720,Andrea Mason,67,67573.0,HR,2020-03-25,Chicago
721,Daniel Cruz,45,112050.0,Marketing,2023-06-16,Los Angeles
722,William Anderson,37,37813.0,Engineering,2018-09-13,Chicago
723,Timothy Brown,45,93076.0,Mgmt,2019-11-09,San Francisco
724,Donald Olson,25,36150.0,Marketing,2023-11-14,Chicago
725,Jane Hart,58,108757.0,Marketing,22-03-2023,San Francisco
726,John Thompson,56,35626.0,Finance,2017-04-01,Chicago
727,Kathleen Hicks,18,110879.0,HR,2021-06-02,New York
728,Samantha Lambert,20,35626.0,HR,2018-11-16,Los Angeles
729,Emily Wilkerson,30,70809.0,Finance,2021-02-18,New York
730,Jennifer Wiggins,45,88596.0,Finance,2018-06-05,Chicago
731,Michael Hunter,66,91396.0,HR,2015-06-12,Chicago
732,Megan Rhodes,42,74327.0,Marketing,2017-09-28,Chicago
733,Ms. Megan Miller MD,50,39903.0,Engineering,2021-11-25,San Francisco
734,Jennifer Humphrey,55,117886.0,Engineering,2017-05-08,Los Angeles
735,Cindy Hernandez,23,64020.0,Mgmt,2017-11-28,Los Angeles
736,Rebecca Barker,61,68197.0,Marketing,2014-10-18,Chicago
737,James Nelson,62,101719.0,HR,2019-05-05,Chicago
738,Richard Patel,49,78543.0,Finance,2016-10-26,San Francisco
739,Kimberly Mcgrath,62,93888.0,HR,2018-06-23,New York
740,Danny Price,64,75186.0,Marketing,2022-05-24,New York
741,Carol Myers,38,59711.0,Finance,2020-07-27,Los Angeles
742,Jordan Baldwin,33,66455.0,Marketing,2017-11-09,San Francisco
743,Stephen Campbell,38,112180.0,Engineering,2017-04-26,Chicago
744,Eric Smith,28,77908.0,Engineering,2024-01-19,Los Angeles
745,James Ortiz,54,74813.0,Marketing,2020-10-20,San Francisco
746,Timothy Fisher,53,98247.0,Finance,2022-04-11,New York
747,Amanda Bond,150,64832.0,Finance,2015-06-08,San Francisco
748,Michael Walsh,36,32050.0,HR,2015-10-25,New York
749,James Walker,37,106898.0,Mgmt,2018-02-18,San Francisco
750,Gina Moreno,35,97957.0,HR,2024-02-20,Los Angeles
751,Erin Johnson,64,62265.0,HR,2018-01-14,New York
752,Megan Delgado,58,59975.0,Marketing,2015-08-07,Los Angeles
753,Brianna Murray,66,78543.0,Marketing,2020-04-29,Los Angeles
754,Steven Day,31,72534.0,HR,2016-08-08,New York
755,Brian Walker,32,85961.0,Mgmt,2024-05-15,New York
756,Chris Castro,48,93374.0,Marketing,2024-03-30,Chicago
757,Janet Obrien,18,61966.0,HR,2020-01-12,Chicago
758,Todd Walker,999,80072.0,HR,2024-07-27,Chicago
759,Alicia Green,33,63660.0,HR,2015-09-11,Los Angeles
760,Tyler Holt,40,72874.0,HR,2022-08-09,Los Angeles
761,Tiffany Park,28,31524.0,HR,2015-04-10,Chicago
762,Michael Graham,29,78290.0,HR,2024-04-06,Los Angeles
763,Kevin Johnson,27,99298.0,Marketing,2019-05-01,Los Angeles
764,John Spencer,49,81226.0,Engineering,2023-02-02,New York
765,April Gross,33,91681.0,HR,2015-08-31,New York
766,Gregory Bishop,25,114471.0,Finance,2017-02-27,Los Angeles
767,Sean Davis,55,34632.0,Marketing,2024-01-23,Chicago
768,Victoria Watkins,29,103319.0,Marketing,17-08-2008,San Francisco
769,Dylan Underwood,41,69063.0,HR,2020-04-29,Chicago
770,Holly Lamb,45,49256.0,Marketing,2019-12-16,San Francisco
771,Melissa Saunders,25,99626.0,HR,2018-08-24,Chicago
772,David Grant,45,103319.0,Engineering,2016-05-29,New York
773,Francisco Wells,53,115956.0,Engineering,2016-04-24,Los Angeles
774,Kyle Nunez,43,115230.0,Marketing,2018-09-08,Los Angeles
775,Shaun Walker,25,56958.0,Marketing,15-02-2015,New York
776,Jeffery Gordon,67,40789.0,Finance,2020-08-26,San Francisco
777,Christine Nelson,45,47602.0,Marketing,2024-05-04,San Francisco
778,Alexander Wolfe,45,86819.0,Finance,2023-01-20,San Francisco
779,Nichole Jackson,54,54058.0,Engineering,2021-07-30,New York
780,Eric Wood,58,107539.0,Engineering,2024-06-23,San Francisco
781,Angie Allen,150,79481.0,HR,2023-07-26,New York
782,Megan Perez,44,31591.0,Mgmt,2023-12-10,Chicago
783,Kristin Underwood,34,65954.0,Finance,2020-03-09,Chicago
784,Wesley Phillips,26,101719.0,Marketing,2016-11-05,New York
785,Daniel Austin,50,98577.0,HR,2024-01-13,Los Angeles
786,Tracy Thompson,37,,Finance,2017-05-18,Chicago
787,Julian Newton,30,93888.0,Marketing,2016-12-19,San Francisco
788,Scott Sanchez,45,62265.0,HR,2023-03-21,New York
789,Patricia Clark,65,71844.0,Engineering,2015-11-16,San Francisco
790,Sarah Blackwell MD,46,119186.0,Finance,2022-01-21,San Francisco
791,Tiffany Garner,30,97957.0,Marketing,2016-10-25,Los Angeles
792,Kimberly Price,63,95082.0,HR,2020-09-29,San Francisco
793,Jeremy Rogers,52,119613.0,HR,2020-11-06,Los Angeles
794,Julie Miller,23,57345.0,Engineering,2016-06-07,Chicago
795,Anthony Gonzalez,35,92211.0,Marketing,2022-03-22,New York
796,David Harrison,68,75539.0,Engineering,2022-01-10,San Francisco
797,Mr. Jeffrey Sparks,22,,Engineering,2019-04-08,New York
798,Michael Robertson,64,42987.0,Marketing,2017-07-29,San Francisco
799,Benjamin Jones,42,57632.0,Marketing,2019-01-11,New York
800,James Cruz,19,67311.0,Marketing,2020-12-07,San Francisco
801,Patrick Martin,27,78845.0,Finance,2020-02-12,San Francisco
802,Katie Martin,47,66397.0,Marketing,2023-02-08,San Francisco
803,Nathan Larsen,67,79786.0,HR,2020-02-18,San Francisco
804,Dr. Christopher Bishop DDS,62,91396.0,Engineering,2022-04-17,San Francisco
805,Susan Bell,22,50662.0,Finance,2019-12-14,San Francisco
806,Emily Hardy,50,56069.0,Marketing,2020-07-15,San Francisco
807,William Nelson,18,50662.0,Finance,2023-11-21,San Francisco
808,Mrs. Katherine Jackson DDS,35,,Mgmt,2022-11-24,San Francisco
809,Benjamin Johnson,49,84842.0,Finance,2017-01-07,New York
810,Holly Day,64,66258.0,Engineering,2020-03-25,Los Angeles
811,Justin Nelson,-10,70631.0,Engineering,2022-08-08,San Francisco
812,David Sanchez,28,,HR,2019-01-27,Los Angeles
813,Danielle Lewis,38,35951.0,HR,2016-04-15,San Francisco
814,James Lee,43,81920.0,Marketing,2017-06-15,San Francisco
815,Mary Huff,42,112565.0,Engineering,2016-07-03,New York
816,Kristina Barron,39,49282.0,Finance,2017-01-30,Chicago
817,Victor Smith,44,,Finance,2019-07-15,Chicago
818,Kristine Gonzalez,66,105532.0,Finance,2016-08-25,New York
819,Tommy Riley,30,74547.0,HR,2016-02-24,Los Angeles
820,Shane Blankenship,50,111449.0,Finance,2018-03-02,Chicago
821,Dr. Anthony Hudson DDS,51,35287.0,HR,2018-08-08,New York
822,April Mann,58,36229.0,HR,2020-06-21,New York
823,Zoe Allen,52,49256.0,Marketing,2014-10-30,Chicago
824,Anna Estrada,18,,Finance,2021-04-26,Los Angeles
825,Jason Cunningham,38,61890.0,Finance,2014-12-04,New York
826,Lindsey Sutton,65,98904.0,Engineering,2017-09-15,San Francisco
827,Heather Cunningham,23,74569.0,Marketing,2024-02-16,Los Angeles
828,Tracy Lyons,45,82853.0,Engineering,2017-12-14,Los Angeles
829,Dr. Samantha Webb,34,32469.0,Mgmt,2019-08-28,Chicago
830,Christine Bowen,22,35084.0,Finance,2020-10-28,Chicago
831,Walter Rollins,48,80975.0,HR,2018-11-27,San Francisco
832,Marie Krause,22,54860.0,HR,2016-04-03,New York
833,Lance Campbell,55,56745.0,HR,2016-02-28,Chicago
834,Christina Brewer,20,108249.0,HR,2014-10-18,Chicago
835,Denise May,40,,HR,2017-12-05,Los Angeles
836,Desiree Miranda,54,86446.0,Engineering,04-08-2005,Chicago
837,Jose Thompson,54,75587.0,Marketing,2018-03-29,Chicago
838,Kelsey Williams,27,,Finance,2022-05-31,Chicago
839,Dr. Dorothy Armstrong,27,61890.0,Engineering,2014-08-05,Chicago
840,Elizabeth Peterson,36,98760.0,Marketing,2017-01-24,Los Angeles
841,Brandi Sanchez,34,77837.0,HR,2020-03-20,San Francisco
842,Pamela Lang,38,40789.0,Marketing,2018-02-26,San Francisco
843,Christopher Shannon,31,68890.0,Marketing,2020-01-10,New York
844,Henry Cook PhD,26,81184.0,HR,2018-10-05,Chicago
845,Timothy Finley,63,52180.0,HR,2015-03-16,Los Angeles
846,Joan Perez,18,41653.0,HR,2020-10-04,New York
847,Brian Chang,68,102355.0,Finance,2015-10-20,New York
848,William Bailey,62,62254.0,HR,2021-05-19,San Francisco
849,Kevin Maynard,30,93076.0,Finance,2022-09-06,Los Angeles
850,Robert Smith,21,31062.0,HR,2017-11-25,Los Angeles
851,Mary Garcia DVM,18,69110.0,Finance,2023-04-05,Los Angeles
852,Charles Bates,66,69666.0,Marketing,2019-10-16,San Francisco
853,Kristina Jacobson,57,42254.0,Engineering,2022-04-18,San Francisco
854,Jose Ramirez,49,62254.0,Marketing,2017-10-04,San Francisco
855,Troy Hensley PhD,51,31605.0,Marketing,05-02-2023,San Francisco
856,Jesus Kaiser,45,47771.0,Mgmt,2019-11-30,San Francisco
857,Terri Moore,48,78280.0,Finance,2018-01-12,Chicago
858,Stacy Harris,25,59373.0,Engineering,2015-02-12,Chicago
859,Jennifer Barajas,56,111994.0,HR,2018-09-05,Los Angeles
860,Carol White,43,75186.0,HR,2016-02-29,New York
861,Joseph Miller,51,89720.0,Mgmt,2020-02-15,Los Angeles
862,Chad Gregory,20,103794.0,Marketing,2017-10-04,New York
863,Kelly Barnes,67,106898.0,Finance,2019-05-11,San Francisco
864,Mr. Christian Werner,29,39184.0,Finance,2020-01-27,New York
865,Derek Adkins,18,40395.0,Engineering,2024-06-16,Los Angeles
866,Amber Ramos,61,98904.0,Finance,2023-08-19,Los Angeles
867,Tara English,22,78290.0,Finance,2016-04-18,New York
868,David Day,47,113976.0,HR,2023-05-03,Chicago
869,Rachel Cooley,47,66220.0,HR,2017-08-08,San Francisco
870,Christopher Wyatt,34,95310.0,Marketing,2017-05-21,San Francisco
871,Jacqueline Kirk,65,37657.0,HR,2016-12-18,Los Angeles
872,Brandi Johnston,64,66397.0,HR,2020-03-29,Chicago
873,James Jefferson,40,65367.0,HR,2015-05-22,New York
874,Christopher Tucker,32,105993.0,HR,2019-10-08,San Francisco
875,Ann Simmons,54,116143.0,Marketing,2016-01-14,Chicago
876,Vernon Martinez,38,87134.0,HR,2023-03-29,San Francisco
877,Heather Williams,31,55510.0,Engineering,2020-05-21,Chicago
878,Robin Gallagher,19,37564.0,Engineering,21-01-2019,Chicago
879,Joseph Mooney,28,53051.0,Engineering,2023-12-19,Los Angeles
880,Erik Ward,68,41555.0,Engineering,21-01-2019,San Francisco
881,Anthony Roth,56,38666.0,HR,2023-11-26,New York
882,Sydney Gomez,55,97889.0,Engineering,22-08-2009,Los Angeles
883,Jade Davis,51,105039.0,HR,2018-10-15,Los Angeles
884,Pamela Thomas,55,114458.0,Marketing,2020-05-03,New York
885,Connie Sanchez,200,100342.0,Engineering,2024-03-09,Los Angeles
886,Tyler Harris,51,42342.0,Finance,2014-09-13,Chicago
887,Leslie Farrell,35,89207.0,Engineering,2015-01-29,Chicago
888,Matthew Braun,47,87132.0,Engineering,2019-03-18,San Francisco
889,Sarah Ford,32,110435.0,HR,2018-10-12,San Francisco
890,William Gutierrez,44,61860.0,Engineering,19-04-2021,New York
891,Andrea Carter,68,43859.0,Finance,2021-08-05,San Francisco
892,Christopher Hutchinson,51,67219.0,HR,2017-05-02,Chicago
893,Christopher Jones,69,61480.0,HR,2017-06-16,New York
894,Michelle Mckenzie MD,55,90279.0,Marketing,2014-12-30,New York
895,Valerie Phillips,50,60448.0,Marketing,2014-08-14,San Francisco
896,Kenneth Benson,41,93888.0,Engineering,10-08-2009,Chicago
897,Ashley Stewart,32,34425.0,Marketing,2016-08-27,New York
898,Crystal Adkins,47,92768.0,Marketing,2018-08-09,Chicago
899,Jose Perry,59,111244.0,Marketing,2020-04-18,Chicago
900,Julie Smith,68,32356.0,HR,2018-04-03,Chicago
901,Tina Hunt,34,45850.0,HR,2015-03-27,San Francisco
902,Nicole White,22,51288.0,HR,2023-08-10,Los Angeles
903,Theresa Cabrera,46,100326.0,Marketing,2014-12-26,Los Angeles
904,Dustin Long,21,,HR,2014-10-14,New York
905,Anthony Ramirez,27,108797.0,Marketing,2018-05-24,Chicago
906,Justin Schmitt,34,93197.0,HR,2023-08-18,San Francisco
907,Sharon Mason,27,69341.0,HR,2018-12-05,Chicago
908,Matthew Harrington,34,40616.0,Finance,2020-07-31,Chicago
909,Megan Cox,37,86638.0,Engineering,2021-11-11,San Francisco
910,Stephen Wood,41,55053.0,Marketing,2019-12-13,Los Angeles
911,Grace Scott,22,57306.0,Finance,2018-08-30,Chicago
912,Tara Taylor,51,44596.0,HR,2015-09-14,Chicago
913,Kristy Higgins,23,73925.0,Marketing,2023-05-18,Los Angeles
914,Kristi Ruiz,19,101895.0,HR,2020-03-19,San Francisco
915,Laura Proctor,30,110395.0,Engineering,2019-10-23,New York
916,Brenda Alexander,60,61419.0,Finance,2021-04-27,Los Angeles
917,Carrie Ortiz MD,60,107475.0,Engineering,2020-12-26,New York
918,Anthony Hart,65,49096.0,Finance,2024-02-24,New York
919,Benjamin Wolf,28,76542.0,HR,2017-02-14,Los Angeles
920,Adrian Freeman,68,114386.0,Engineering,2015-05-08,Chicago
921,Juan Nguyen,64,109083.0,Engineering,2015-07-23,New York
922,Mr. Jonathon Trujillo,40,115469.0,HR,2019-08-23,New York
923,Kelly James,33,39077.0,Engineering,2017-08-26,San Francisco
924,Laura Johnson,48,117955.0,Marketing,2018-11-22,Chicago
925,Elizabeth Nguyen,28,57083.0,Finance,2019-07-15,New York
926,Christopher Brown,-5,,Finance,2016-05-23,San Francisco
927,Richard Petersen,25,84917.0,Finance,2023-03-19,Chicago
928,Cassandra Kerr,21,90535.0,Marketing,2015-03-09,Los Angeles
929,Richard Kim,57,111061.0,Finance,2019-12-08,Los Angeles
930,Mr. Ralph Brooks,21,92823.0,HR,2023-03-05,San Francisco
931,Ryan Douglas,42,92823.0,Engineering,2018-02-07,Los Angeles
932,Stephen Jones,20,69499.0,Marketing,2024-05-11,New York
933,Brandi Hanson,49,82329.0,Finance,2014-11-11,Chicago
934,Michael Jackson,20,86276.0,HR,2018-10-13,New York
935,Craig Downs,44,117833.0,Engineering,2023-09-03,New York
936,Jerry Austin,46,87372.0,Engineering,2020-01-28,Los Angeles
937,James Turner,49,76240.0,Marketing,2021-06-10,New York
938,Ashley Romero,67,54826.0,Marketing,2023-04-22,Los Angeles
939,Edward Sanchez,68,85029.0,Marketing,2015-06-08,Chicago
940,Melissa Smith,36,62265.0,HR,2018-11-27,Chicago
941,James Martinez,38,67412.0,HR,2020-08-19,New York
942,Justin Rodriguez,22,64701.0,Marketing,2017-07-19,San Francisco
943,Joseph Wilson,35,115469.0,Finance,2018-05-30,Los Angeles
944,Stephanie Anderson,45,56431.0,Engineering,2023-01-11,Los Angeles
945,Benjamin Livingston,59,91788.0,Engineering,2017-05-13,New York
946,Chris Holden,39,88596.0,HR,2014-12-15,Los Angeles
947,Anthony Powell,38,69443.0,Engineering,2023-03-01,Los Angeles
948,Derek Frye,23,86979.0,Finance,2021-06-17,San Francisco
949,Joanne Morales,18,41745.0,Engineering,2024-01-22,San Francisco
950,Devin Campbell,22,56657.0,HR,2022-01-17,New York
951,Melissa Hansen,58,30956.0,HR,2020-05-19,San Francisco
952,Cole Young,29,77638.0,Finance,2017-09-09,New York
953,Kimberly Edwards,43,81356.0,Finance,2020-03-23,Chicago
954,Melissa Parker,63,92823.0,Engineering,2022-10-04,New York
955,Deanna Oconnor,51,59373.0,Engineering,2020-02-04,Chicago
956,Sandy Sandoval,66,51754.0,HR,2019-09-02,New York
957,Pamela Larsen,31,100792.0,Mgmt,2024-06-26,Los Angeles
958,Ashley Jensen,43,99298.0,Finance,2020-08-19,San Francisco
959,Cynthia Weeks,62,98577.0,Finance,2022-06-16,Chicago
960,Christina Daniel,44,107539.0,Engineering,2023-04-10,New York
961,Marcus Smith,26,38007.0,Finance,2021-10-10,San Francisco
962,Rachel Barron,43,96150.0,HR,2019-06-06,New York
963,Danielle Harris,64,94644.0,HR,2017-07-29,San Francisco
964,William Carson,39,64157.0,Engineering,2020-04-24,San Francisco
965,Jacqueline Wright,64,33812.0,Marketing,2020-05-04,New York
966,Kevin Wilkins,47,79481.0,Engineering,2017-12-01,Chicago
967,Michael Horton,60,51427.0,Marketing,2014-08-30,Chicago
968,Andrea Nelson,999,33797.0,Finance,2021-11-08,Los Angeles
969,Stacey Hodges,34,,Engineering,2016-11-26,San Francisco
970,Luke Brown II,43,99768.0,HR,2019-09-24,Los Angeles
971,Kellie Brandt,53,49096.0,Finance,2019-01-08,Los Angeles
972,Lindsey Banks,18,32573.0,HR,11-05-2024,New York
973,Dr. Jason Taylor,25,63660.0,Finance,2019-08-14,New York
974,Kimberly Thomas,66,44199.0,Engineering,2022-04-19,New York
975,Lisa Wyatt,52,36368.0,Marketing,2017-06-27,San Francisco
976,Duane Robinson,69,72460.0,Finance,2019-08-07,New York
977,Christopher Gibson,32,34425.0,Marketing,2024-06-03,New York
978,Michele Odom,-10,52116.0,Finance,2016-01-07,San Francisco
979,Paul Martin,39,48297.0,HR,2016-03-01,San Francisco
980,Cynthia Dixon,31,,HR,2023-02-07,Chicago
981,Andrew Li,43,64560.0,Finance,2019-02-03,New York
982,Robert Williamson,45,105713.0,Marketing,2017-07-05,New York
983,Eric Blanchard,40,107834.0,Engineering,2021-07-03,New York
984,Michael Salas,31,93731.0,Engineering,2024-01-29,Chicago
985,Ryan Nash,41,32050.0,HR,2024-06-14,New York
986,James Boyer,19,105758.0,Engineering,2024-04-03,Chicago
987,Aaron Richards,62,43718.0,HR,2023-07-24,Los Angeles
988,Mark West,43,94929.0,Engineering,2021-04-14,Chicago
989,Alyssa Anderson,31,113441.0,Finance,2014-08-29,Los Angeles
990,James Moore,68,81027.0,HR,2015-06-05,New York
991,Michelle Ross,24,98878.0,HR,2019-11-23,Los Angeles
992,Michael Dunlap,20,57083.0,Finance,2018-01-09,Chicago
993,Latoya Rush,64,75420.0,HR,2022-09-21,San Francisco
994,Theresa Jones,40,39077.0,Engineering,2015-07-16,Los Angeles
995,Jenna Sparks,63,49426.0,Engineering,2020-09-29,Los Angeles
996,James Riley,60,103319.0,HR,2016-04-22,New York
997,Michael Cole,64,45850.0,Engineering,2019-11-23,Chicago
998,Denise Rose,62,66397.0,Marketing,2022-03-09,Los Angeles
999,Kelly Goodwin,35,79840.0,HR,2019-09-06,Los Angeles
1000,Felicia Bennett,55,45317.0,Finance,2021-07-23,Los Angeles
1001,asdad,asd,adsd,asd,asd,asd
1002,asdas,dasdsa,asdad,asdasd,2024-08-13,dasdad
1003,,0,0,,2024-08-13,
1004,,0,0,,2024-08-13,
1005,,0,0,,2024-08-13,
1006,,0,0,,2024-08-13,
